ORF,Amino Acids,Start Index in Genome,End Index in Genome,Hits
"ORF1ab,surface glycoprotein","ADAGFIKQY,AELEGIQY,LADAGFIKQY,TLADAGFIK",533,24073,75
ORF1ab,"GEIPVAYRKVLL,VPHVGEIPVAY",587,634,536
ORF1ab,SEVGPEHSLAEY,1391,1426,276
ORF1ab,"AIILASFSA,ILASFSAST",1685,1717,14
ORF1ab,TSDLATNNLVVMAY,2024,2065,24
ORF1ab,"APKEIIFL,KEIIFLEGETL",2468,2506,1842
ORF1ab,"EEEFEPSTQYEY,GDCEEEEFEPSTQY",3065,3112,19
ORF1ab,KPLEFGATSAAL,3137,3172,377
ORF1ab,YLKLTDNVYIK,3356,3388,7
ORF1ab,LLSAGIFGA,3707,3733,27
"ORF1ab,ORF3a","AEIPKEEVKPF,ASKIITLKK,SASKIITLK",3875,25593,123
ORF1ab,"ALRKVPTDNYITTY,KVPTDNYITTY",4211,4252,392
ORF1ab,"ILGTVSWNL,SNEKQEILGTVSW",4346,4390,562
ORF1ab,HTTDPSFLGRY,5171,5203,6558
ORF1ab,FLGRYMSAL,5189,5215,7
ORF1ab,YYRARAGEAANF,5360,5395,14
ORF1ab,"ITDVFYKENSY,SEYKGPITDVFY",5834,5884,289
ORF1ab,FTEQPIDLVPNQPY,5984,6025,6
ORF1ab,FADDLNQLTGY,6074,6106,88
ORF1ab,ITEEVGHTDLMAAY,6521,6562,194
ORF1ab,ASFNYLKSPNFSK,6902,6940,4
ORF1ab,AYILFTRFFYV,7253,7285,140
ORF1ab,YIFFASFYY,7415,7441,443
ORF1ab,"QLMCQPILL,QLMCQPILLL",7952,7981,1130
ORF1ab,SSTFNVPMEKLK,8060,8095,26
ORF1ab,"AEAELAKNVSL,AELAKNVSLDNVL",8111,8155,1846
ORF1ab,HTDFSSEIIGY,8660,8692,41
ORF1ab,FLPRVFSAV,8915,8941,903
ORF1ab,TFYLTNDVSFL,9602,9634,37
ORF1ab,FLLNKEMYL,9812,9838,32
ORF1ab,AVLQSGFRK,10043,10069,10
ORF1ab,IQPGQTFSV,10370,10396,3
ORF1ab,FLNGSCGSV,10472,10498,2884
ORF1ab,VLAWLYAAV,10664,10690,132
ORF1ab,FLNRFTTTL,10709,10735,120
ORF1ab,"FLCLFLLPSL,FLLPSLATV",11168,11206,264
ORF1ab,MPASWVMRI,11228,11254,836
ORF1ab,NYSGVVTTVMF,11492,11524,38
ORF1ab,"GVYDYLVST,TLGVYDYLV",11684,11716,55
ORF1ab,FRYMNSQGL,11723,11749,10
ORF1ab,KLWAQCVQL,11921,11947,318
ORF1ab,FTYASALWEI,12530,12559,22
ORF1ab,ALWEIQQVV,12545,12571,4
ORF1ab,SEISMDNSPNL,12599,12631,105
ORF1ab,ALRANSAVK,12653,12679,12
ORF1ab,"TVLSFCAFA,VLSFCAFAV",13058,13087,638
ORF1ab,"TMADLVYAL,YTMADLVYA",13805,13834,231
ORF1ab,LLMPILTLT,14159,14185,54
ORF1ab,ILHCANFNV,14360,14386,216
ORF1ab,FPPTSFGPL,14402,14428,692
ORF1ab,FVDGVPFVV,14441,14467,2802
ORF1ab,ISDYDYYRY,14789,14815,43
ORF1ab,RQLLFVVEV,14840,14866,948
ORF1ab,VVDKYFDCY,14864,14890,6
ORF1ab,RLYYDSMSY,14978,15004,13
ORF1ab,ATVVIGTSK,15194,15220,26
ORF1ab,NMLRIMASL,15323,15349,4
ORF1ab,"MVMCGGSLYV,VMCGGSLYV",15437,15466,461
ORF1ab,"DTDFVNEFYAY,NRDVDTDFVNEFY",15641,15685,335
ORF1ab,LSDDAVVCFNSTY,15713,15751,12
ORF1ab,RILGAGCFV,15947,15973,22
ORF1ab,LMIERFVSL,16001,16027,2
ORF1ab,VLQAVGACV,16229,16255,19
ORF1ab,LVLSVNPYV,16358,16384,56
ORF1ab,KLFAAETLK,16628,16654,6
ORF1ab,KLSYGIATV,16673,16699,2576
ORF1ab,VVYRGTTTY,16862,16888,8
ORF1ab,KLNVGDYFV,16889,16915,173
ORF1ab,TLVPQEHYV,16952,16978,169
ORF1ab,SSNVANYQK,17024,17050,93
ORF1ab,YQKVGMQKY,17042,17068,3
ORF1ab,YVFCTVNAL,17300,17326,16
ORF1ab,IVDTVSALV,17579,17605,44
ORF1ab,ILGLPTQTV,17810,17836,241
ORF1ab,IPRRNVATL,18011,18037,53
ORF1ab,LQLGFSTGV,18359,18385,13
ORF1ab,VLWAHGFEL,18590,18616,845
ORF1ab,AIMTRCLAV,18860,18886,19
ORF1ab,ALLADKFPV,18998,19024,21
ORF1ab,YLDAYNMMI,19520,19546,237
ORF1ab,MMISAGFSL,19538,19564,31
ORF1ab,KQFDTYNLW,19574,19600,6
ORF1ab,NLWNTFTRL,19592,19618,27
ORF1ab,TTLPVNVAF,19760,19786,35
"envelope,ORF1ab","APAHISTI,LIVNSVLLFL,LLFLAFVVFL,SVLLFLAFV",19895,26325,1157
ORF1ab,"LLDDFVEII,LLLDDFVEI",20510,20539,1008
ORF1ab,MLWCKDGHV,20609,20635,6
ORF1ab,GVAMPNLYK,20681,20707,44
ORF1ab,KMQRMLLEK,20705,20731,9
ORF1ab,YLNTLTLAV,20816,20842,467
ORF1ab,TLIGDCATV,20987,21013,581
surface glycoprotein,NLTTRTQL,21611,21634,2
surface glycoprotein,LPPAYTNSF,21632,21658,140
surface glycoprotein,"KVFRSSVLH,VYYPDKVFR,YPDKVFRSS,YPDKVFRSSV",21668,21709,63
surface glycoprotein,"STQDLFLPFF,TQDLFLPFF",21710,21739,76
surface glycoprotein,"FFSNVTWFH,FLPFFSNVT,LPFFSNVTW,LPFFSNVTWF,PFFSNVTWF,SNVTWFHAI",21725,21766,605
surface glycoprotein,RFDNPVLPF,21794,21820,5
surface glycoprotein,"DGVYFASTEK,GVYFASTEK,LPFNDGVYF,LPFNDGVYFA,VLPFNDGVY,VLPFNDGVYF",21809,21853,1334
surface glycoprotein,TEKSNIIRGW,21845,21874,17
surface glycoprotein,WIFGTTLDSK,21872,21901,2
surface glycoprotein,TLDSKTQSL,21887,21913,123
surface glycoprotein,"CNDPFLGVY,CNDPFLGVYY,FCNDPFLGVY",21965,21997,132
"membrane glycoprotein,surface glycoprotein","GVYYHKNNK,VPLHGTIL,YYHKNNKSW",21986,26909,60
surface glycoprotein,"KSWMESEFRV,SWMESEFRVY,WMESEFRVY",22010,22042,35
surface glycoprotein,"SSANNCTFEY,VYSSANNCTF",22037,22072,149
surface glycoprotein,"CTFEYVSQPF,EYVSQPFLM,FEYVSQPFL",22058,22093,204
surface glycoprotein,FVFKNIDGY,22136,22162,6
surface glycoprotein,IYSKHTPINL,22169,22198,14
surface glycoprotein,TPINLVRDL,22184,22210,274
surface glycoprotein,LPQGFSAL,22208,22231,9
surface glycoprotein,LEPLVDLPI,22229,22255,421
surface glycoprotein,"DLPIGINITR,INITRFQTL,LPIGINITRF",22244,22285,91
surface glycoprotein,LLALHRSYL,22283,22309,12
surface glycoprotein,"AGAAAYYVGY,GAAAYYVGY,WTAGAAAYY,WTAGAAAYYV",22334,22369,10
surface glycoprotein,"YLQPRTFL,YLQPRTFLL,YYVGYLQPRTF",22355,22393,419
surface glycoprotein,"ALDPLSETK,CALDPLSETK",22433,22462,13
surface glycoprotein,"CTLKSFTVEK,SETKCTLKSF,TLKSFTVEK",22451,22492,103
surface glycoprotein,"FPNITNLCPF,QPTESIVRF,RFPNITNLCPF,TESIVRFPNI,VQPTESIVRF,VRFPNITNL",22520,22576,1545
surface glycoprotein,"FGEVFNATRF,FNATRFASVY,GEVFNATRF,NATRFASVY",22574,22615,432
surface glycoprotein,RISNCVADY,22631,22657,30
surface glycoprotein,"LYNSASFSTF,NSASFSTFK,SVLYNSASF,YSVLYNSASF",22655,22696,28
surface glycoprotein,"CFTNVYADSF,FTNVYADSF,FTNVYADSFV,KLNDLCFTNV,LNDLCFTNVY,NVYADSFVIR,VYADSFVIR",22718,22771,274
surface glycoprotein,"APGQTGKIA,GQTGKIADY,KIADYNYKL,QTGKIADYNY,RQIAPGQTGK",22784,22837,40
surface glycoprotein,KLPDDFTGCV,22832,22861,1349
surface glycoprotein,NLDSKVGGNY,22880,22909,54
surface glycoprotein,"NYLYRLFRK,NYNYLYRLF",22904,22936,43
surface glycoprotein,RLFRKSNLK,22922,22948,21
surface glycoprotein,"FERDISTEI,FERDISTEIY,KPFERDISTEI",22946,22981,136
surface glycoprotein,NGVEGFNCY,23003,23029,8
surface glycoprotein,YFPLQSYGF,23027,23053,401
surface glycoprotein,FQPTNGVGY,23051,23077,20
surface glycoprotein,"GYQPYRVVVL,PYRVVVLSF,QPYRVVVL,QPYRVVVLSF",23072,23107,194
surface glycoprotein,GPKKSTNLV,23138,23164,8
surface glycoprotein,EILDITPCSF,23309,23338,76
surface glycoprotein,TSNQVAVLY,23372,23398,75
surface glycoprotein,"STGSNVFQTR,TGSNVFQTR,VYSTGSNVF",23465,23500,290
surface glycoprotein,"GAEHVNNSY,IGAEHVNNSY",23513,23542,46
surface glycoprotein,"IGAGICASY,IPIGAGICASY",23552,23584,77
surface glycoprotein,"QTNSPRRAR,SPRRARSVA,SYQTQTNSPR,TQTNSPRRAR",23579,23626,86
surface glycoprotein,"ASQSIIAYTM,RSVASQSII,SIIAYTMSL,SQSIIAYTM,VASQSIIAY",23615,23659,495
surface glycoprotein,"AENSVAYSN,AENSVAYSNN,LGAENSVAY",23657,23692,16
surface glycoprotein,"AIPTNFTISV,AYSNNSIAIPTNF,IPTNFTISV,NSIAIPTNF",23678,23728,732
surface glycoprotein,FTISVTTEIL,23714,23743,207
surface glycoprotein,TEILPVSMTK,23732,23761,23
surface glycoprotein,KTSVDCTMYI,23759,23788,77
surface glycoprotein,"LLLQYGSFC,LLQYGSFCT",23816,23845,44
surface glycoprotein,GSFCTQLNR,23831,23857,4
surface glycoprotein,TQLNRALTGI,23843,23872,2
surface glycoprotein,"QEVFAQVKQIY,VFAQVKQIYK",23897,23932,19
surface glycoprotein,"IYKTPPIKDF,KQIYKTPPIK",23918,23953,23
surface glycoprotein,ILPDPSKPSK,23975,24004,3
surface glycoprotein,LLFNKVTLA,24023,24049,46
surface glycoprotein,"LLTDEMIAQY,LTDEMIAQY,LTDEMIAQYT,VLPPLLTDEMIAQY",24140,24184,743
surface glycoprotein,GTITSGWTF,24200,24226,10
surface glycoprotein,"IPFAMQMAY,LQIPFAMQM",24242,24274,23
surface glycoprotein,TQNVLYENQK,24296,24325,7
surface glycoprotein,NQKLIANQF,24317,24343,70
surface glycoprotein,"LSSTASALGK,SSTASALGK",24374,24403,6
surface glycoprotein,"ALNTLVKQL,AQALNTLVK",24428,24460,25
surface glycoprotein,"SVLNDILSR,VLNDILSRL",24485,24514,44
surface glycoprotein,RLDKVEAEV,24509,24535,31
surface glycoprotein,"AEVQIDRLI,AEVQIDRLIT,VEAEVQIDRL,VQIDRLITGR",24521,24562,178
surface glycoprotein,"GRLQSLQTY,LITGRLQSL,RLQSLQTYV",24548,24586,265
surface glycoprotein,"AEIRASANL,AEIRASANLA,ASANLAATK",24608,24646,112
surface glycoprotein,RVDFCGKGY,24677,24703,5
surface glycoprotein,"HLMSFPQSA,YHLMSFPQSA",24701,24730,65
surface glycoprotein,"FPQSAPHGV,FPQSAPHGVVF",24716,24748,132
surface glycoprotein,"APHGVVFL,APHGVVFLHV,GVVFLHVTY,VVFLHVTYV",24728,24766,290
surface glycoprotein,"HVTYVPAQEK,TYVPAQEKNF,VTYVPAQEK",24752,24787,65
surface glycoprotein,REGVFVSNGTHW,24833,24868,10
surface glycoprotein,GTHWFVTQR,24857,24883,105
surface glycoprotein,IITTDNTFV,24902,24928,1
surface glycoprotein,TVYDPLQPELDSFK,24968,25009,42
surface glycoprotein,DSFKEELDKY,24998,25027,4
surface glycoprotein,KEIDRLNEV,25103,25129,61
surface glycoprotein,RLNEVAKNL,25115,25141,1
surface glycoprotein,NLNESLIDL,25136,25162,156
surface glycoprotein,"LIDLQELGKY,QELGKYEQYI,QELGKYEQYIKW,SLIDLQELGK",25148,25198,4
surface glycoprotein,"QYIKWPWYI,YEQYIKWPW,YEQYIKWPWY",25178,25210,542
surface glycoprotein,FIAGLIAIV,25220,25246,205
surface glycoprotein,"CMTSCCSCLK,MTSCCSCLK",25268,25297,128
surface glycoprotein,SEPVLKGVKL,25343,25372,91
ORF3a,"DLFMRIFTI,MDLFMRIFTI",25393,25422,57
ORF3a,RIFTIGTVTLK,25408,25440,90
ORF3a,FVRATATIPI,25474,25503,31
ORF3a,IPIQASLPF,25495,25521,112
ORF3a,"IVGVALLAVF,VGVALLAVF",25531,25560,35
ORF3a,"ITLKKRWQL,LKKRWQLAL,TLKKRWQLA,TLKKRWQLAL",25579,25611,40
ORF3a,ALSKGVHFV,25606,25632,166
ORF3a,"FVCNLLLLFV,LLFVTVYSHL,TVYSHLLLV",25627,25683,1057
ORF3a,"FLQSINFVR,FLQSINFVRI,FLYLYALVYF,GLEAPFLYLY,INFVRIIMR,LQSINFVRI,LQSINFVRII,QSINFVRII,SINFVRIIMR,VYFLQSINF,VYFLQSINFV,YFLQSINFVR,YLYALVYFL",25690,25770,1793
ORF3a,"LLYDANYFL,LLYDANYFLC,LYDANYFLCW,NPLLYDANY,PLLYDANYFL,YDANYFLCW",25801,25839,596
ORF3a,"IPYNSVTSSI,PYNSVTSSI",25864,25893,21
ORF3a,"TSPISEHDY,TTSPISEHDY",25915,25944,13
ORF3a,"SEHDYQIGGYTEKW,YQIGGYTEK,YQIGGYTEKW",25930,25971,4462
ORF3a,"SYFTSDYYQL,VLHSYFTSDY,YFTSDYYQLY",25996,26037,530
ORF3a,YYQLYSTQL,26023,26049,10
ORF3a,"GVEHVTFFIY,HVTFFIYNK,STDTGVEHVTFFIY,VEHVTFFIY",26050,26097,267
ORF3a,EEHVQIHTI,26113,26139,136
envelope,SEETGTLIV,26260,26286,40
envelope,SLVKPSFYV,26392,26418,56
envelope,YVYSRVKNL,26413,26439,4
membrane glycoprotein,GTITVEELK,26538,26564,11
membrane glycoprotein,"EELKKLLEQW,KLLEQWNLV,QWNLVIGFLF",26553,26606,91
membrane glycoprotein,WICLLQFAY,26613,26639,632
membrane glycoprotein,"FAYANRNRF,LQFAYANRNR,YANRNRFLY",26625,26663,75
membrane glycoprotein,"FLYIIKLIFL,FLYIIKLVFL,LYIIKLIFL,LYIIKLIFLW,RFLYIIKLIF,YIIKLIFLW,YIIKLIFLWL",26652,26690,583
membrane glycoprotein,"FLWLLWPVT,FLWLLWPVTL,LWLLWPVTL,LWPVTLACF,TLACFVLAAV,WLLWPVTLA,WPVTLACFVL",26679,26732,3989
membrane glycoprotein,LAAVYRINWI,26721,26750,1
membrane glycoprotein,"AIAMACLVGL,IAMACLVGLM",26763,26795,90
membrane glycoprotein,"FIASFRLFA,SYFIASFRLF,YFIASFRLF,YFIASFRLFA",26802,26834,228
membrane glycoprotein,"LFARTRSMW,RLFARTRSM",26823,26852,5
membrane glycoprotein,"MWSFNPETNI,SFNPETNIL,SMWSFNPET",26844,26879,211
membrane glycoprotein,"SELVIGAVI,SELVIGAVIL",26928,26957,932
membrane glycoprotein,AVILRGHLR,26946,26972,5
membrane glycoprotein,"HLRIAGHHL,RIAGHHLGR",26964,26996,40
membrane glycoprotein,"ATSRTLSYY,ATSRTLSYYK,TSRTLSYYK,TVATSRTLSY",27027,27062,154
membrane glycoprotein,"ASQRVAGDSGFAAY,DSGFAAYSR,VAGDSGFAAY",27069,27116,30
membrane glycoprotein,RYRIGNYKL,27114,27140,4
ORF6,HLVDFQVTI,27208,27234,96
ORF6,VTIAEILLI,27226,27252,6
ORF6,"FKVSIWNLDY,ILLIIMRTFK,IMRTFKVSI,KVSIWNLDY,KVSIWNLDYI,LIIMRTFKV,RTFKVSIWNL,SIWNLDYII,TFKVSIWNL,VSIWNLDYII",27241,27300,495
ORF6,LDYIINLII,27286,27312,15
ORF6,"IIKNLSKSL,LSKSLTENKY,NLSKSLTENK",27307,27348,6
ORF7a,"CELYHYQECV,ITLATCELY,LITLATCELY,TLATCELYHY",27418,27465,264
ORF7a,QECVRGTTVL,27454,27483,153
ORF7a,YEGNSPFHPL,27511,27540,64
ORF7a,"HPLADNKFAL,SPFHPLADNKFAL",27523,27561,252
ORF7a,"CPDGVKHVY,DGVKHVYQL,FAFACPDGVKHVY",27580,27624,110
ORF7a,"RARSVSPKL,SVSPKLFIR",27625,27660,39
ORF7a,KLFIRQEEV,27646,27672,18
ORF7a,"ELYSPIFLI,LYSPIFLIV,QELYSPIFL,VQELYSPIF,VQELYSPIFL",27670,27705,1099
ORF7a,"VFITLCFTL,VFITLCFTLK",27715,27744,110
ORF7b,"AFLLFLVLI,FLAFLLFLV,FYLCFLAFL,FYLCFLAFLL,IDFYLCFLAF,IELSLIDFYL,LIDFYLCFL,LLFLVLIML,MIELSLIDFY,SLIDFYLCFL,YLCFLAFLL",27756,27830,11988
ORF7b,"IMLIIFWFSL,MLIIFWFSL",27822,27851,1393
ORF8,"VDDPCPIHFY,VVDDPCPIHFY,YVVDDPCPI",27984,28019,256
ORF8,"RVGARKSAPL,VGARKSAPL",28035,28064,3
ORF8,IQYIDIGNY,28104,28130,169
ORF8,"GNYTVSCLPF,NYTVSCLPF,YTVSCLPFTI",28122,28157,177
ORF8,"DFLEYHDVR,EDFLEYHDVR,LEYHDVRVV,LEYHDVRVVL,YEDFLEYHDVRVVL",28206,28247,906
nucleocapsid phosphoprotein,LPNNTASWF,28406,28432,4
nucleocapsid phosphoprotein,"FPRGQGVPI,KFPRGQGVPI",28466,28495,48
nucleocapsid phosphoprotein,"NSSPDDQIGY,NTNSSPDDQIGYY,SSPDDQIGY,SSPDDQIGYY",28496,28534,73
nucleocapsid phosphoprotein,YYRRATRRIR,28529,28558,27
nucleocapsid phosphoprotein,"RIRGGDGKM,RIRGGDGKMK",28550,28579,8
nucleocapsid phosphoprotein,KMKDLSPRW,28571,28597,24
nucleocapsid phosphoprotein,"LSPRWYFYY,SPRWYFYYL",28583,28612,2036
nucleocapsid phosphoprotein,GTGPEAGLPY,28613,28642,7
nucleocapsid phosphoprotein,"ALNTPKDHI,ATEGALNTPK",28673,28711,104
nucleocapsid phosphoprotein,"NPANNAAIV,NPANNAAIVL,RNPANNAAIV",28718,28750,312
nucleocapsid phosphoprotein,"GTTLPKGFY,LQLPQGTTL,QLPQGTTLPK,TTLPKGFYA,VLQLPQGTTL",28745,28792,46
nucleocapsid phosphoprotein,AEGSRGGSQA,28790,28819,3
nucleocapsid phosphoprotein,SQASSRSSSR,28811,28840,7
nucleocapsid phosphoprotein,SSRGTSPAR,28874,28900,2
nucleocapsid phosphoprotein,"ALALLLLDR,GDAALALLLL,LALLLLDRL,LLLDRLNQL,LLLLDRLNQ,LLLLDRLNQL",28916,28963,622
nucleocapsid phosphoprotein,"QQQGQTVTK,QQQQGQTVTK",28988,29017,39
nucleocapsid phosphoprotein,KAYNVTQAF,29069,29095,864
nucleocapsid phosphoprotein,"ELIRQGTDY,QELIRQGTDY,QELIRQGTDYKHW",29138,29176,114
nucleocapsid phosphoprotein,"APSASAFFGM,AQFAPSASA,ASAFFGMSR,SASAFFGMSR",29186,29230,150
nucleocapsid phosphoprotein,"GMSRIGMEV,SRIGMEVTPSGTW",29219,29263,24
nucleocapsid phosphoprotein,"GMEVTPSGTWL,MEVTPSGTWL,TPSGTWLTY,VTPSGTWLTY",29234,29272,1013
nucleocapsid phosphoprotein,"ILLNKHID,ILLNKHIDA",29324,29350,4
nucleocapsid phosphoprotein,"AYKTFPPTEPK,KTFPPTEPK",29348,29380,346
nucleocapsid phosphoprotein,LPAADLDDF,29456,29482,138
nucleocapsid phosphoprotein,FSKQLQQSM,29480,29506,17
ORF10,"AFPFTIYSL,GYINVFAFPF,INVFAFPFTI,MGYINVFAF,NVFAFPFTI,NVFAFPFTIY,YINVFAFPF",29558,29605,3243
ORF10,"LLCRMNSRNY,LLLCRMNSR,RMNSRNYIA,SLLLCRMNSR",29600,29641,15
ORF10,"AQVDVVNFNL,NYIAQVDVV",29630,29668,65
